Mount Hebron High School,1
Lahore Grammar School-Defence,1
State College Area High School,1
Aptos High School,1
American High School,1
Escola Graduada De Sao Paulo,1
Oak Grove High School,1
Delsea Regional High School,1
East Grand Rapids High School,1
Miami Valley School,1
Sanger High School,1
Woodbury High School,1
Panther Creek High School,1
Lawton Chiles High School,1
Walsh Jesuit High School,1
Hampton High School,1
Anna Schmidt Schule,1
Crete-Monee High School,1
Breck School,1
Davis High School,1
Telluride Middle High School,1
Immaculata High School,1
Berea High School,1
Oregon High School,1
Green Mountain Union Hs,1
Woodstock Union High School,1
Anglo Chinese School,1
Branford High School,1
Lyceum C. Negruzzi Iasi,1
High School Leadership Pub Svc,1
Adam Scott Collegiate Voc Inst,1
Saint Johns Preparatory School,1
Jakarta International School,1
Marysville High School,1
Malden Catholic High School,1
Ewha Girls Foreign Language Hs,1
Covina High School,1
George School,1
Larry Ryle High School,1
All Saints Episcopal School,1
Woodinville High School,1
Coppell Senior High School,1
Technical High School,1
International Community School,1
Filadelfia Christian School,1
Arthur P Schalick High School,1
Covington Latin School,1
Central Dauphin High School,1
J J Pearce High School,1
Lake Park High School 108,1
Peachtree Ridge High School,1
Palos Verdes High School,1
Downingtown Hs East Campus,1
Ashbury College,1
Adrian C Wilcox High School,1
Pioneer Vly Performing Arts Hs,1
Oscar Frommel Smith Hs,1
Olentangy Liberty High School,1
Aff'd HS of Renmin Univ.,1
Scotch College,1
Bordentown Regional High Sch,1
Shoals Christian School,1
Methodist Ladies College,1
Eagle Ridge Academy,1
Saint Michaels High School,1
Rosholt High School,1
Our Lady Of Lourdes Academy,1
"The British School, Warsaw",1
Sir Winston Churchill Coll Voc,1
New Rochelle High School #3,1
New Utrecht High School,1
Padagogium Baden-Baden,1
Hickory High School,1
Pomperaug High School,1
Northern Secondary School,1
North Eugene High School,1
William G Enloe High School,1
Orville H Platt High School,1
Arroyo High School,1
Lockport Township High School,1
Mattituck High School,1
Stonington High School,1
Hamilton District Christian HS,1
R J Reynolds High School,1
Moise Nicoara Nat'l College,1
Valley Center High School,1
Horseheads High School,1
Langley High School,1
Cleveland School of Sci & Med,1
Sacred Hearts Academy Hs,1
Dublin Scioto High School,1
South High School,1
Stockdale High School,1
Atlantic Community High School,1
Westhill High School,1
Ascham School,1
Richmond-Burton Community Hs,1
Plymouth North High School,1
Freeport Area Senior Hs,1
Asheboro High School,1
Benjamin Banneker Academic Hs,1
Massapequa High School,1
Joppatowne Senior High School,1
Marion Local High School,1
Lower Dauphin High School,1
Mount Blue High School,1
Red Bank Regional High School,1
Spring Grove Area Senior Hs,1
Butler High School,1
Mirabeau B Lamar Sr High Sch,1
Mallya Aditi International Sch,1
Chaney High School,1
National Public School,1
Vista Murrieta High School,1
Bayard Rustin High School,1
Seneca High School,1
Academy At The Lakes Day Sch,1
Rosalia High School,1
Bangor High School,1
Parsippany Hills High School,1
Tewksbury Memorial High School,1
Shanghai American School-Pudon,1
Ras Al Khaimah English Speakng,1
Mount Tabor High School,1
Woodlands Academy Sacred Heart,1
Fountain Academy,1
Stanton College Prep School,1
American School Foundation,1
Cascia Hall Preparatory School,1
Marina High School,1
Woodward Academy,1
Southwestern Central Hs,1
Port Isabel High School,1
El Modena High School,1
Capistrano Valley High School,1
Wyomissing Area High School,1
Marist High School,1
New Albany High School,1
Rosemead High School,1
Mount Clemens High School,1
Indiana Area Senior Hs,1
Delhi Public School,1
Verdala International School,1
Lakeland Senior High School,1
New World School Of The Arts,1
St Stephen's School,1
Northeast High School,1
Pittsford Mendon High School,1
Charlotte Latin School,1
Dwight School,1
Granada Hills High School,1
Cape Fear Academy,1
Veritas Academy,1
Duluth High School,1
Glenbrook North High School,1
Noblesville High School,1
Al-Ghazaly Junior-Senior Hs,1
Quince Orchard High School,1
Delran High School,1
Saint Marys School,1
Garfield Heights High School,1
Nido De Aguilas - Intl. School,1
Cheltenham Ladies College,1
Wellsboro Area High School,1
Maria Carrillo High School,1
South Allegheny Jr-Sr High Sch,1
Rutland High School,1
Briarwood Christian Hs,1
South Whidbey High School,1
Amarillo High School,1
Internat'l School Of Geneva,1
New Community Jewish Hs,1
Vestal Senior High School,1
Kittatinny Regional Hs,1
Avon Grove High School,1
Saint Frederick High School,1
Nauset Regional High School,1
Florida State University Sch,1
Technical High School of Elect,1
San Pasqual High School,1
Mahadevi Birla Girls High Sch,1
Bishop Mcnamara High School,1
Bishop Amat Memorial Hs,1
Hamden High School,1
Lacey Township High School,1
Central Magnet High School,1
Cookeville High School,1
High Technical High School,1
Duchesne Academy Sacred Heart,1
Saint Thomas Aquinas Sec Sch,1
Santa Catalina School,1
Midland School,1
West Hempstead High School,1
Essex High School,1
University-Liggett School,1
Jericho Senior High School,1
Lycee Francais De New York,1
Hills Road Sixth Form College,1
Palmer High School,1
Colegio Nuestra Sra Del Carmen,1
Miramar High School,1
Wachusett Regional High School,1
Kings Academy,1
Ecole Secondaire Publique l'Al,1
Druid Hills High School,1
Santa Susana High School,1
Whitefish High School,1
Shining Mountain Waldorf Sch,1
Dallas Senior High School,1
American School Of Guatemala,1
Saint Charles North Hs,1
Laguna Beach High School,1
Klein Forest High School,1
Eagle River High School,1
Myrtle Beach High School,1
Canisius High School,1
Merrillville Senior Hs,1
Penncrest High School,1
James Buchanan High School,1
Lycee Francois 1 Er,1
Saint Johns Ravenscourt,1
Sydney Grammar School,1
Elwood-John H Glenn Hs,1
Lincoln Christian School,1
Amherst High School,1
Korea International School,1
Saint Pauls School For Girls,1
Champlain Valley Union Hs,1
Bexley High School,1
Mclean High School,1
Huntington High School,1
Island School,1
International School Indiana,1
Marin Catholic High School,1
Plainview Old-Bethpage JFK HS,1
Haddon Township High School,1
West York Area High School,1
Columbia Grammar And Prep Sch,1
Rutherford High School,1
Cardinal Gibbons High School,1
Robert E Fitch Senior Hs,1
Bahria College,1
St. John's College,1
Second English Language Sch,1
Yitzhak Ben Zvi High School,1
Colegio Franklin D Roosevelt,1
Cleveland High School,1
Henrietta Barnett School,1
Glastonbury High School,1
Charleston Catholic Hs,1
Great Valley High School,1
Bullis School,1
Santa Fe Preparatory School,1
Oneal School,1
Yokohama International School,1
Maine Township Hs South,1
Pine Bush Central High School,1
Laramie High School,1
Johnston High School,1
Nightingale-Bamford School,1
Christ Church Episcopal School,1
Methacton High School,1
North Medford High School,1
Columbus Academy,1
St. Catherine's Brit. Emb. Sch,1
Piedmont Hills High School,1
Home Educated - Australia,1
Cordova High School,1
Friends Select School,1
Aurora High School,1
Trinity-Pawling School,1
Westlake Boys High School,1
Ivan Vazov Foreign Language Sc,1
Taos High School,1
Abington High School,1
Port Moody Secondary School,1
Brooke High School,1
Fox Lane High School,1
Temple High School,1
Bishop George Ahr High School,1
Escuela Campo Alegre M-314,1
Southfield-Lathrup Senior Hs,1
Benet Academy,1
Yew Chung Int'l Sch of Beijing,1
International Sch Of Choueifat,1
Mount Saint Charles Academy,1
Terre Haute South Vigo Hs,1
Shore Regional High School,1
Poudre High School,1
Hendrick Hudson High School,1
Ridley High School,1
Galva High School,1
Danbury High School,1
Pinnacle High School,1
Miami Country Day School,1
Pekin Community High School,1
Ramapo Senior High School,1
Oak Hill Academy,1
Arendell Parrott Academy,1
Archer School For Girls,1
Dawson College,1
Bentonville High School,1
Webb School Of California,1
Point Grey Secondary School,1
Milken Cmty Hs Stephen Wise Te,1
Lovejoy High School,1
Kentucky Country Day School,1
Hamilton High School West,1
Red Wing High School,1
Radley College,1
Springfield Senior High School,1
North Attleboro High School,1
J S Morton East High School,1
James Madison Memorial Hs,1
Melbourne High School,1
Saint Pauls Episcopal School,1
Walker School,1
Needham B Broughton Hs,1
Bedford High School,1
Burbank Senior High School,1
Glenwood Senior High School,1
Branksome Hall School,1
West Vancouver Secondary Sch,1
Kings College School,1
Poquoson High School,1
A B Lucas Secondary School,1
San Marcos Baptist Academy,1
Jean Ribault Sr High School,1
Langham Creek High School,1
Webber Academy,1
Caravel Academy,1
Corona Del Sol High School,1
HS of Sci & Math N Obreshkov,1
River Hill High School,1
Cresskill High School,1
Allen High School,1
Vistamar Independent School,1
Binghamton High School,1
A & M Consolidated High School,1
Shanghai American School-Puxi,1
Atlantic City High School,1
Burris Laboratory School,1
School Advanced Studies/South,1
Patuxent High School,1
J O Johnson High School,1
Lakeview Fort Oglethorpe HS,1
Red Lion Christian Academy,1
Lakeville Senior High School,1
Cardinal O'hara High School,1
Schenectady High School,1
Deer Park High School,1
Colegio Episcopal De Panama,1
Monterey High School,1
Waubonsie Valley High School,1
Forrest City High School,1
Reading Memorial High School,1
Lyons Township Hs N Campus,1
James W Robinson Jr Sec School,1
Walnut High School,1
Fayette County High School,1
Walden High School,1
West Potomac High School,1
Upper Merion Area High School,1
Williamsville East High School,1
Jesuit College Preparatory Sch,1
West Morris Central Hs,1
Saugatuck High School,1
Denver School of Science & Tec,1
Wayland High School,1
Kaplan College Preparatory Sch,1
International School,1
Langstaff Secondary School,1
Patrick Henry High School,1
Walter L Sickles High School,1
Morgan Park Academy,1
Madison High School,1
Bradley Central High School,1
Floral Park Memorial Hs,1
Westview,1
Gorman Learning Center,1
Samuel Scheck Hillel Cmty Day,1
Alliance High School,1
Pacific Collegiate School,1
Paul Laurence Dunbar Hs,1
Rufus King School Coll Bound,1
Holy Trinity High School,1
Eastridge High School,1
Sleepy Hollow High School,1
Tesoro High School,1
Earl Warren High School,1
Divine Savior-Holy Angels Hs,1
Ottawa Hills High School,1
Blue Valley Northwest Hs,1
Elk River Area High School,1
Paloma Valley High School,1
Governor Dummer Academy,1
James B Dudley Senior High Sch,1
Jenks High School,1
Gilmer High School,1
Baldwin Senior High School,1
Isidore Newman School,1
Renaissance High School,1
Barrie School,1
City Of London School For Grls,1
Rockwall-Heath High School,1
Berkeley Carroll School,1
George Washington High School,1
Freehold High School,1
Hvitfeldtska Gymnasiet,1
Phillip & Sala Burton Acad Hs,1
Lopez High School,1
American Intl Sch Of Lusaka,1
Cranford High School,1
Tulare Western High School,1
Burlingame High School,1
Timber Creek High School,1
Marriotts Ridge High School,1
Union Hill High School,1
Northeast Yucai School,1
Cactus Shadows High School,1
Centreville High School,1
Mcallen Memorial High School,1
Deering High School,1
Northville High School,1
Keystone Heights High School,1
Franklin County High School,1
Brisbane Grammar School,1
Northgate High School,1
Clarkston Senior High School,1
Aff'd HS of S. China NU,1
John Adams High School,1
James I Oneill High School,1
Stuart Hall,1
San Fernando High School,1
Evanston Township High School,1
Lincoln-Way East High School,1
Saint Peters Preparatory Sch,1
Vanguard High School,1
American Hebrew Academy,1
Wylie E Groves High School,1
Instituto Hebreo Dr.Chaim Weiz,1
Girard College,1
Plainfield North High School,1
Froebel's International School,1
Loyola School,1
Union Endicott High School,1
Park View High School,1
Duarte High School,1
Indianola High School,1
El Segundo High School,1
Trinity Academy Of Raleigh,1
West Anchorage High School,1
Nichols School,1
Hopkinton High School,1
Home Educated - Florida,1
Massac County High School,1
Immaculate Conception HS,1
Townsend Harris Hs Queens Col,1
Horizon High School,1
Cupertino High School,1
Amos Alonzo Stagg High School,1
Meadowcreek High School,1
Wayne Early-Middle College HS,1
Natick High School,1
Greater Latrobe Senior Hs,1
USO Mirce Acev,1
Templeton High School,1
Lincoln Senior High Sch,1
Suffield High School,1
Terry Sanford Senior Hs,1
Lakeside High School,1
Hamilton High School,1
Cheshire Academy,1
Visitation Academy,1
Hawaii Baptist Academy,1
Jonathan Dayton High School,1
Hinsdale South High School,1
Lyme-Old Lyme High School,1
Virginia Episcopal School,1
Rochester Adams High School,1
Chaffey High School,1
Northland Preparatory Academy,1
Homer Hanna High School,1
Alexander von Humboldt Gym.,1
Garnet Valley High School,1
Del Campo High School,1
Osan American High School Dod,1
Carver Center Arts & Tech,1
Winchester Thurston Hs,1
Thomas A Edison High School,1
Dowling High School,1
St. Xavier's Sr. Sec. School,1
Shawnee Mission North High Sch,1
Pickerington High School North,1
Mercer Island High School,1
Lassiter High School,1
Bensalem High School,1
San Dimas High School,1
La Cueva High School,1
Southampton High School,1
Vincent Massey Sec School,1
Greenwood High School,1
SMIC Private School,1
Bernards High School,1
Woonsocket Senior High School,1
Redlands High School,1
Saint Ignatius College,1
Valhalla High School,1
Cor Jesu Academy,1
St. Joseph's College,1
Jackson Academy,1
Academy Of The Holy Names,1
Gemeentelijk Gymnasium,1
Westminster Christian School,1
Diocesan Boys School,1
Mt Baker Secondary School,1
Brantley County High School,1
Portland High School,1
Model Laboratory School,1
Parsippany High School,1
Theodore F Riggs High School,1
Hamilton-Wenham Regional Hs,1
Godolphin And Latymer School,1
Saint Jean De Brebeuf Cath Ss,1
Kinnelon High School,1
Hisar School,1
Saint John's College,1
Bard High School Early College,1
Lyceum 7 Voronezh,1
High School Saint Thomas More,1
King's Academy,1
Hempstead High School,1
Edina High School,1
Seattle Preparatory School,1
Bell High School,1
Walter Johnson High School,1
ACS Amman,1
Edmond North High School,1
Martin Luther High School,1
Seven Lakes High School,1
Repton School,1
Mainland Regional High School,1
Rockbridge County High School,1
Holy Cross Catholic Secondary,1
Greengates School,1
Riverhead High School,1
Kirkwood High School,1
Lafayette High School,1
Quakertown Community Senior Hs,1
Mckinley High School,1
John Paul II High School,1
Naples High School,1
Home School Clearing House,1
Chamblee High School,1
Hayfield Secondary School,1
Luther Burbank High School,1
High Point High School,1
Satellite High School,1
Hebron High School,1
Glenforest Secondary School,1
Sparta High School,1
Vincent Memorial High School,1
Red Cloud High School,1
Elkins High School,1
Harborfields High School,1
Bainbridge High School,1
Bear Creek High School,1
Helena High School,1
Garland High School,1
Neenah High School,1
Xaverian Brothers High School,1
Mills E Godwin High School,1
West Islip High School,1
City Honors High School,1
Rumson-Fair Haven Reg High Sch,1
The Perse School,1
Monta Vista High School,1
South Webster Junior/Senior Hs,1
St. Cuthbert's College,1
Sacred Heart Academy,1
Savannah Country Day School,1
Saint Marys College Hs,1
Lander Valley High School,1
Sullivan Central High School,1
Silverado High School,1
Jesse M Bethel High School,1
Canterbury School,1
Rancho Alamitos High School,1
Brookwood High School,1
Holderness School,1
Bethlehem Central High School,1
Caddo Parish Magnet Hs,1
James Hubert Blake High School,1
Lansing High School,1
Kinkaid School,1
Castro Valley High School,1
Spackenkill High School,1
Findlay High School,1
Sycamore High School,1
Saint Pauls Coeducatnl Coll,1
William S Hart Union H S Dist,1
Red Hook Central High School,1
Little Flower Academy,1
Valley Stream South Hs,1
Frankenmuth High School,1
Howell High School,1
New Hartford Senior Hs,1
Kings West School,1
Cedar Shoals High School,1
Lake Ridge Academy,1
Alexander W Dreyfoos Jr School,1
North Kitsap High School,1
Penticton High School,1
Oswego High School,1
Developing Virtue Sec School,1
Lake Brantley High School,1
Owen J Roberts High School,1
Huntsville High School,1
Blair High School,1
Dr Michael M Krop Senior Hs,1
Vasant Valley School,1
Father Ryan High School,1
Monmouth Cty Acad Health/Sci,1
Cape Cod Academy,1
Oxnard High School,1
NUS High School of Mathematics,1
David Posnack Hebrew Day Sch,1
Presentation College,1
Osbourn Park Senior Hs,1
Alpharetta High School,1
Colegio Centro America,1
Nashoba Regional High School,1
Cairo American College,1
Saint Stanislaus College,1
Desert Oasis High School,1
St. George's Independent Schoo,1
Palm Harbor Univ High School,1
Edgewood High School,1
Solomon Schechter Westchester,1
Rice Memorial High School,1
Saint Thomas Episcopal School,1
Matthew F Maury High School,1
Dulaney High,1
Middletown High School South,1
Sacred Heart-Griffin Hs,1
C.N. Constantin Carabella,1
Walter M Williams High School,1
Charlotte Country Day School,1
B. Katzenelson High School,1
Tallinn Science Secondary,1
Catholic Memorial High School,1
Pacifica High School,1
Tema International School,1
Emmaus High School,1
Lower Canada College,1
Academy Technology Classics,1
West Valley High School,1
Rothwell-Osnabruck School,1
Matawan Regional High School,1
Wyoming Seminary College Prep,1
Poway High School,1
Fountain Valley High School,1
Appomattox Reg Gov Arts & Tech,1
European Standard School,1
Saint Joseph Regional Hs,1
Kaunas Jesuit Gymnasium,1
Charles A Lindbergh Hs,1
Wolcott High School,1
Henry D Sheldon High School,1
Hoffman Estates High School,1
William P Clements High School,1
Hillel High School,1
Ballston Spa High School,1
Marjory Stoneman Douglas Hs,1
Pomfret School,1
Harriton High Sch Lower Merion,1
Nimitz High School,1
Academic Magnet High School,1
Saint Johns School,1
Tinley Park High School,1
North Shore Senior High School,1
International School Naples,1
Salisbury Composite Hs,1
Randolph Macon Academy,1
Columbus School For Girls,1
Center High School,1
Aquinas High School,1
Susquehanna Township Hs,1
Lycee Int'l St. Germain enLaye,1
Saint Dominic Regional Hs,1
Johnston Heights Secondary Sch,1
Gulliver Preparatory School,1
Pittsford Sutherland Hs,1
Alamo Heights High School,1
Home Educated - Foreign,1
Ramona High School,1
Summit Country Day School,1
Oakwood High School,1
Modesto High School,1
Justin Siena High School,1
American Comm School Utd-Egham,1
Penn-Trafford High School,1
Manzano High School,1
Trinity High School,1
Bob Jones High School,1
J F Ross Collegiate Voc Inst,1
Elgin High School,1
Grace Christian School,1
Moreau Catholic High School,1
J B Alexander High School,1
Goffstown Area High School,1
Brewer High School,1
Victoria Junior College,1
Jefferson Township High School,1
Anglo-Chinese Junior College,1
Pinewood School,1
Friends Seminary,1
Brick Township High School,1
Saint Cecilia Academy,1
Parkside High School,1
National Taichung Girls' Sr HS,1
T C Williams High School,1
Dubai College,1
Traverse City Central Hs,1
Ladysmith High School,1
Somers High School,1
Sir Isaac Newton College,1
Broadwater Academy,1
Marian Baker School,1
Kingston High School,1
African Leadership Academy,1
Homewood-Flossmoor Cmty Hs,1
Cheongshim International Acade,1
Hudson Senior High School,1
Marianopolis College,1
Northside High School,1
Stephen Decatur High School,1
International School Brunei,1
High School Perform & Vis Arts,1
Ozark High School,1
Westminster High School,1
Rift Valley Academy,1
Quirinus Gymnasium,1
Friendswood High School,1
Nova Ctr App Research Prof Dev,1
Mohawk Central School,1
Warren Hills Regional Hs,1
Colonel By Secondary School,1
Arundel Senior High School,1
Arkansas Sch Math & Science,1
East Chapel Hill High School,1
Chaminade College Preparatory,1
The Sandford English Comm. Sch,1
Central Valley High School,1
Saint Louis University Hs,1
Spruce Creek High School,1
Mississippi School Math/Sci,1
Penns Valley Area Jr-Sr Hs,1
Darien High School,1
Jac. P. Thijsse College,1
Rockville High School,1
Vestavia Hills High School,1
Hartland High School,1
Strathcona-Tweedsmuir School,1
Seabury Hall,1
Theodore Roosevelt High School,1
Oxford Academy,1
Pocono Mountain East Hs,1
HELP University College,1
Watertown High School,1
Hampton Roads Academy,1
Atlanta Girls School,1
Rowland Hall-Saint Marks Sch,1
International Computer H.S.,1
Fairport High School,1
James M Bennett High School,1
Moscrop Secondary School,1
Dreher High School,1
Rome Free Academy,1
Keene High School,1
Spring-Ford Senior High School,1
Stoney Creek High School,1
Wheeler School,1
Gray Stone Day School,1
International School of Uganda,1
Fountain Central High School,1
Paint Branch High School,1
Ida Crown Jewish Academy,1
Rivers School,1
Saint Marys International Sch,1
Lisgar Collegiate Institute,1
Campion College,1
Caldwell Senior High School,1
Bishop Watterson High School,1
Winchester High School,1
Pikesville High,1
Masconomet Regional Hs,1
Evergreen Valley High School,1
Culver City High School,1
Ballard High School,1
Strongsville High School,1
Secaucus High School,1
Riverside Junior-Senior Hs,1
Las Lomas High School,1
Charlotte Christian School,1
International Sch Of Aberdeen,1
Canton High School,1
Paramus High School,1
Triton Regional High School,1
Ulpenat Horev,1
Saint Ignatius High School,1
Seoul Foreign School,1
Pymble Ladies' College,1
Riverwood High School,1
Scotland High School,1
Greater Atlanta Christian Sch,1
Lawton High School,1
Albany Academy,1
Saint Clements School,1
Roxbury High School,1
Bozeman High School,1
Glen Ridge High School,1
Franklin Pierce High School,1
Wilhelm Gymnasium,1
Starehe Boys Centre,1
Duxbury High School,1
West Ashley High School,1
Miami Coral Park Senior Hs,1
St. Petersburg High School IB,1
Tremper High School,1
Colegiul Nat'l Ferdinand I,1
Marin Academy,1
Amherst Steele High School,1
Sequam Secondary,1
Laguna Blanca School,1
Austin O Brien High School,1
Air Academy High School,1
Beachwood High School,1
New Westminster School,1
Glenwood Springs High School,1
Birch Wathen Lenox School,1
Edmond Santa Fe High School,1
Clonlara School,1
Framingham High School,1
Int'l School of Penang - Uplan,1
Irving High School,1
Foxcroft School,1
Robbinsville High School,1
Antonian College Prep School,1
Fort Walton Beach High School,1
Cincinnati Hills Chrstn Acad,1
Northern Lehigh High School,1
Elizabeth High School,1
Massaponax High School,1
Willoughby South High School,1
Morristown-Beard School,1
G W Brackenridge High School,1
Smithsburg High School,1
United World Colleges Mostar,1
Colegio Nueva Granada,1
Immaculate Heart High School,1
Oakridge School,1
Hillsborough Hs/Baccalaureate,1
Chaminade-Julienne High Sch,1
Escondido Adventist Academy,1
Northwood High School,1
Benjamin Cardozo High School,1
Falls Church High School,1
Leonardtown High School,1
Prairie School Inc,1
Glenbrook South High School,1
Woburn Collegiate Institute,1
Colegiul Nat'l B.P. Hasdeu,1
Lausanne Collegiate School,1
Lake Highland Prep School,1
Hammonton High School,1
Thomas Stone High School,1
Wakefield Girls' High School,1
La Salle College High School,1
Creighton Preparatory School,1
Villa Park High School,1
Grossmont High School,1
Fort Mill High School,1
Eastchester High School,1
Jack M. Barrack Hebrew Academy,1
Windward School,1
Middletown Senior High School,1
Saint Marys Preparatory,1
Robert M Lafollette Hs,1
Bellport Senior High School,1
Clovis West High School,1
Peters Township High School,1
HS of Mathematics and Natural,1
Clarkstown High School North,1
Halifax Grammar School,1
Choteau High School,1
Damien High School,1
Saint Mary's High School,1
Cleveland Heights High School,1
North Salem High School,1
Santiago High School,1
Trinity College School,1
Emanuil Gojdu High School,1
Atholton High School,1
Gateway High School,1
Benilde-St Margarets School,1
Rhinebeck Central School,1
Brick Township Memorial Hs,1
New Hampton School,1
Lincoln Park High School,1
Park-Tudor School,1
Harrison Ctr Visual Perf Arts,1
Escuela Americana De El Salvd,1
Woodlands Secondary School,1
Lebanon High School,1
Deland High School,1
Murrah High School,1
Mount Desert Island Hs,1
Olathe East High School,1
Vanguard College Prep School,1
St. Georges College North,1
Community Hs Dist 99 North Hs,1
Palo Verde High School,1
Liceo Franco-Mexican Academia,1
Hempfield High School,1
Hauppauge High School,1
William W Bodine Hs Intl Affrs,1
Trumbull High School,1
Saint Mildreds Lightbourn Sch,1
Schule Schloss Salem,1
Palmer-Trinity School,1
Queensbury High School,1
Charles E Jordan Sr Hs,1
Woodberry Forest School,1
Marquette University Hs,1
Randolph School,1
Seaside High School,1
Bellevue Senior High School,1
Uskudar American Academy,1
Saint Joseph Academy,1
Beaver Area High School,1
Red River Senior High School,1
Albertus Magnus Gymnasium,1
Granite Hills High School,1
Home Educated-Oklahoma,1
Falmouth High School,1
Seneca Valley High School,1
Collierville High School,1
Belvidere High School,1
Ateneo De Manila High School,1
Maimonides School,1
Nathan Hale-Ray High School,1
Shoreham Wading River Hs,1
Presentation High School,1
Delaware Academy Central Sch,1
Fred J Page High School,1
H Frank Carey High School,1
Lakeland Junior-Senior Hs,1
Bettendorf High School,1
Green Valley High School,1
Comsewogue High School,1
American Cooperative School,1
Haef-Psychico College,1
Saint Peter High School,1
Sayville High School,1
Bethel Park Senior High School,1
Urbana High School,1
Saugus High School,1
Oswego Community High School,1
Pleasant Valley Sr High School,1
Archbishop Prendergast Hs,1
Hasbrouck Hgts Junior-Senior,1
Ontario High School,1
Cranbrook Kingswood School,1
Brisbane Girls' Grammar School,1
William Allen High School,1
Centennial Collegiate,1
D W Daniel High School,1
Harrisonburg High School,1
Liceul Teoretic Bathory Istva,1
Riverside High School,1
Robert L Paschal High School,1
Spain Park High School,1
Skaneateles Central School,1
Cascade Christian High School,1
Exeter High School,1
Vidya Mandir,1
Morristown-Hamblen Hs West,1
Malden High School,1
Andes Central School,1
Colonial Forge High School,1
Grayslake Community High Sch,1
American Cmty School Athens,1
Woodland Park High School,1
Clear Lake High School,1
Northridge High School,1
Parkersburg High School,1
J K Mullen High School,1
Moorestown Friends School,1
Wheatley School,1
Rio Americano High School,1
Montgomery Academy,1
Orono High School,1
Keller High School,1
Providence Catholic Hs,1
Abington Heights High School,1
Franklin D Roosevelt Hs,1
Highland Regional High School,1
Brentwood High School,1
Ponte Vedra High School,1
Chisipite Senior School,1
Bishop Guertin High School,1
Westtown School,1
General Douglas Macarthur Hs,1
Fife Senior High School,1
Heritage Academy,1
Carlsbad High School,1
Montour High School,1
Eisenhower High School,1
Oceanside High School,1
Monte Vista High School,1
Glenbard West High School,1
James S Rickards High School,1
South Point High School,1
Ridgefield Memorial High Sch,1
Chandler High School,1
Honaker High School,1
Lampasas High School,1
Winter Springs High School,1
Archmere Academy,1
Monroeville High School,1
Bishop Thomas K Gorman Hs,1
Northwest Pa Collegiate Acad,1
Glen Rock High School,1
Simi Valley High School,1
Lycee International,1
Mahopac High School,1
Benjamin Franklin High School,1
K. International School,1
Appleton High School East,1
American School Of The Hague,1
Bow High School,1
Hatboro-Horsham Senior Hs,1
Liceul Teoretic Szekely Miko,1
Kings School Canterbury,1
Monte Vista Senior High School,1
Merrimack High School,1
John G Diefenbaker High School,1
George C Marshall High School,1
Bellows Free Academy,1
Cerritos High School,1
Trinidad High School,1
Tokay High School,1
Tamalpais High School,1
Greenhills School,1
American Embassy School,1
North Shore Hebrew Academy Hs,1
Lakefield College School,1
Loudoun Valley High School,1
Tabb High School,1
Wei Yu High School,1
St Edmund Campion Secondary Sc,1
Harlingen High School,1
Glenbard North High School,1
Hume-Fogg Academic High School,1
Loudonville High School,1
Louisiana School Math Sci Arts,1
Williamstown High School,1
C.M.S. Ladies College,1
Mount St Michael Academy,1
Thomas Jefferson Senior Hs,1
Alta Loma High School,1
Dalet Municipal Hs/ Yironi,1
Johnsburg High School,1
La Reina High School,1
Tarbut V Torah Comm Day School,1
Burnaby Mountain Secondary Sch,1
Coast Union High School,1
Sharyland High School,1
Marlborough High School,1
East Hampton High School,1
Minisink Valley High School,1
Arthur L Johnson High School,1
Providence Day School,1
Catskill Senior High School,1
Northern Valley Regional H S,1
Academy of Math & Science in K,1
Sapulpa High School,1
Boonsboro High School,1
Elmwood Park High School,1
Loyola Blakefield High School,1
Mcallen High School,1
Division Avenue High School,1
Lord Botetourt High School,1
Bishop Odowd High School,1
Gwendolyn Brooks Coll Prep Aca,1
Memorial Senior High School,1
Cincinnati Country Day School,1
Sanford H Calhoun High School,1
Clarkstown High School South,1
Dauntsey's School,1
Simsbury High School,1
Curtis Senior High School,1
Mayfield Senior School,1
Champaign Central High School,1
Canyon High School,1
Colombo International School,1
British Sch. Of Brussels,1
Richview Collegiate Institute,1
Ogden Senior High School,1
Red Bank Catholic High School,1
Bishop Hendricken High School,1
Batesville High School,1
Lycee Francois Premier,1
Saint Marks High School,1
Roedean School - South Africa,1
Friends School,1
Mckinley Technology High Schoo,1
Chestnut Hill Academy,1
King Drew Magnet Hs Med/Sci,1
Wallkill Valley Regional Hs,1
Saint Mary's School Ascot,1
Elizabeth Forward High School,1
J B Conant High School,1
Don Mills Collegiate Institute,1
Como Park Senior High School,1
Istanbul International Cmty Sc,1
Springdales School,1
Mesa Ridge High School,1
Science Leadership Academy,1
Beijing No. 4 High School,1
University City High School,1
Winslow Township High School,1
Brandywine High School,1
St. Stithian College,1
The British School Manila,1
Brother Martin High School,1
Guiyang No. 9 High School,1
South Windsor High School,1
Noble Street Charter Hs,1
Lycee Int'l De Ferney-Voltaire,1
Mount Saint Mary Academy,1
Libertyville High School,1
Franklin Community High School,1
Stony Point High School,1
Old Scona Academic Hs,1
Maddock High School,1
Spirit Lake High School,1
Hamilton Southeastern Hs,1
Shibuya Kyoikugakuen Shibuya H,1
Crossroads School,1
National College I.C. Bratianu,1
Cedar Grove High School,1
King's College,1
Colegio Etapa,1
Auckland Grammar School,1
Ossining High School,1
North Rockland High School,1
Moorpark High School,1
Saint Marys Episcopal School,1
Jamesville-Dewitt High School,1
Devon Preparatory School,1
Saint Bonaventure High School,1
James River High School,1
Keystone School,1
Lincoln East High School,1
Saint Louis School,1
Hillel Community High School,1
Wyoming High School,1
Longmeadow High School,1
Metuchen High School,1
Wakefield School,1
Paramus Catholic High School,1
Taylor's College,1
Portage High School,1
David W Butler High School,1
Cathedral High School,1
Castle Park High School,1
Archbishop Carroll High School,1
Carson Graham Secondary School,1
Boys Latin School Of Maryland,1
Cyfarthfa High School,1
Jackson Hole High School,1
Morris Hills High School,1
Joel Barlow High School,1
Dublin Jerome High School,1
Northeast Senior High School,1
L V Hightower High School,1
Lahore American School,1
Millbrook High School,1
Bishop Carroll High School,1
Royal High School,1
Chino High School,1
De La Salle High School,1
Waring School,1
Calvert Hall College,1
Meadowbrook High School,1
Vancouver College,1
Rockhurst High School,1
Honesdale High School,1
Brookfield Central High School,1
E C Glass High School,1
Wellington High School,1
Temple City High School,1
Freehold Township High School,1
Richmond Secondary School,1
B.E.H.S. No. 1 - Dagon,1
Union High School,1
Leonia High School,1
Fernandina Beach High School,1
Dunlap High School,1
Memphis University School,1
Pearl High School,1
Norwin Senior High School,1
Pen Argyl Area High School,1
Connetquot High School,1
Washington Township Hs,1
Claremont Secondary School,1
Northampton Area Senior Hs,1
American Academy in Tbilisi,1
Saint Francis High School,1
Vernon Hills High School,1
Nansemond-Suffolk Academy,1
Trinity Valley School,1
Waialua High School,1
Saint Timothys School,1
Rancho Buena Vista High School,1
Denis Morris High School,1
"Delhi Public School, Patna",1
Catlin Gabel School,1
Wichita Collegiate School,1
Modern School,1
Palatine High School,1
Mendota High School,1
Healdsburg High School,1
Carrollton High School,1
Fairmont Preparatory Academy,1
Dulwich College Shanghai,1
Kennett High School,1
Park City High School,1
Alhambra High School,1
Bishop Kelly High School,1
Beth Tfiloh Community High Sch,1
Gimnazija Svetozar Markovic,1
Midland Christian School,1
Monrovia High School,1
Elk Grove High School,1
Mifflinburg Area High School,1
Cranbrook School,1
Baylor School,1
Classical High School,1
Christian Junior Senior Hs,1
Lowell Catholic High School,1
Hardee Senior High School,1
Wallenpaupack Area High School,1
North Pocono High School,1
Escuela Integral Hebreo Urug.,1
Warner Christian Academy,1
Amherst Central High School,1
Everett Alvarez High School,1
Sunset High School,1
Yali High School,1
Noor-Ul-Iman School,1
Sherwood High School,1
Toronto French School,1
Union County Academy for Allie,1
Whitefield Academy,1
Shawnee Mission East Hs,1
Williamsport High School,1
Shiloh High School,1
Home Educated-United Kingdom,1
Westford Academy,1
Catholic Central High School,1
Cape Henry Collegiate School,1
Beverly Hills High School,1
Western Reserve Academy,1
Saint Johns College Hs,1
Hilton Head Preparatory School,1
Randallstown High,1
Brebeuf Jesuit Preparatory Sch,1
Lenape Valley Regional Hs,1
Bradford Area High School,1
Baku European Lyceum,1
Sir James Henderson Sch. Milan,1
Deer Lakes High School,1
Hermiston Senior High School,1
Sir Robert Borden High School,1
Highlands Ranch Hs,1
ProCivitas Private Upper Sec S,1
H B Woodlawn,1
Ocean Township High School,2
Saint Paul's Girls' School,2
Barrington High School,2
Morrison Academy,2
Garden City High School,2
Albuquerque Academy,2
Shorecrest Preparatory School,2
Hanoi Amsterdam HS for the Gif,2
Shaker High School,2
Nyack High School,2
Hall High School,2
Lewisburg Area High School,2
International Computer HS,2
Frank W Cox High School,2
North Central High School,2
Oak Park High School,2
Flintridge Sacred Heart Acad,2
Pulaski Academy,2
Mounds Park Academy,2
Saint Ignatius College Prep Sc,2
Saint Johns High School,2
Kushner Yeshiva High School,2
International Sch Kuala Lumpur,2
Strake Jesuit College Prep,2
Head-Royce School The,2
Carroll Senior High School,2
Packer Collegiate Institute,2
Corvallis High School,2
De Witt Clinton High School,2
San Ramon Valley High School,2
Los Angeles Center for Enriche,2
Rancho Cucamonga High School,2
Clover Hill High School,2
Colegiul Nat'l Mihai Viteazul,2
Norwell High School,2
Fairview High School,2
Wilbraham And Monson Academy,2
Pullman High School,2
Agoura High School,2
Bishop Kelley High School,2
Convent Of The Sacred Heart Hs,2
Lely High School,2
Toms River High School North,2
Pearland High School,2
Rancocas Valley Regional Hs,2
Gretchen Whitney High School,2
Paul Vi High School,2
Gig Harbor High School,2
American Heritage Sch Boca/Del,2
Suncoast Community High School,2
Awty International School,2
Ames High School,2
Staten Island Technical Hs,2
Ellis School,2
Allendale Columbia School,2
Worcester Academy,2
The Meadows School,2
Council Rock High School South,2
L C Anderson High School,2
Merion Mercy Academy,2
Bishop Strachan School,2
Lycee Frncs Charles De Gaulle,2
Maroa-Forsyth High School,2
Vivian Webb School,2
Plymouth-Canton High School,2
Western Albemarle High School,2
F Bravo Medical Magnet Hs,2
Cedarburg Senior High School,2
Council Rock High School,2
Chapel Hill High School,2
TASIS England American School,2
Abilene High School,2
Valley Christian High School,2
Skyline High School,2
Fox Chapel Area High School,2
Montville Township High School,2
Xavier High School,2
Bruriah High School For Girls,2
National Junior College,2
Timpview High School,2
Warwick Valley High School,2
Scripps Ranch High School,2
Unionville High School,2
John Miller Great Neck N Hs,2
Cheyenne Mountain High School,2
Roland Park Country School,2
Rancho Bernardo High School,2
Viewpoint School,2
Deep Run High School,2
Greenwich Hs Fifth House,2
Booker T Washington High Schoo,2
Hawken School,2
Cinnaminson High School,2
Roswell High School,2
Catalina Foothills High School,2
Downingtown Hs West Campus,2
Middleton High School,2
San Clemente High School,2
Mill Creek High School,2
Appleby College,2
Gorham High School,2
Mckinley Senior High School,2
Smithtown High School,2
Madeira School The,2
Radnor High School,2
Colts Neck High School,2
Indian Springs School,2
Paideia School,2
Lake Oswego High School,2
Community Hs Dist 99 South Hs,2
Auckland Int'l College,2
Midwood Hs At Brooklyn College,2
Norman High School,2
Winter Park High School,2
Thomas Jefferson High School,2
Whitfield School,2
Oakcrest High School,2
Shanley High School,2
Orchard Park High School,2
Chelsea High School,2
Saint Pauls School For Boys,2
Smithtown High School East,2
Falmouth Academy,2
Howard High School,2
Science Park High School,2
Community Hebrew Academy,2
Marquette High School,2
Oakland Mills High School,2
Southside High School,2
Bloomfield High School,2
Powers Catholic High School,2
James A Garfield High School,2
Brophy College Preparatory,2
Boise High School,2
Taipei American School,2
Cherry Creek High School,2
Woodrow Wilson High School,2
Col. Nacional De Buenos Aires,2
Colorado Academy,2
North Carolina School Of Arts,2
Fairfield Warde High School,2
Sylvania Southview High School,2
Tappan Zee High School,2
Half Hollow Hills Hs East,2
Los Altos High School,2
Mount Saint Dominic Academy,2
Masuk High School,2
Athens Academy,2
Toms River High School South,2
Phoenix Country Day School,2
Lake Mary High School,2
Thomas Worthington High School,2
Loch Raven High,2
Episcopal Collegiate School,2
California High School,2
Clifton High School,2
Raleigh Charter High School,2
Saint Anselms Abbey School,2
Honeoye Falls-Lima High School,2
Medfield High School,2
Herricks Senior High School,2
Brentwood School,2
Irvington High School,2
Shawnee High School,2
North Mecklenburg Senior Hs,2
Benicia High School,2
Kent Denver School,2
Thousand Oaks High School,2
Jackson High School,2
Baldwin School Of Puerto Rico,2
Fairmont Senior High School,2
Marymount High School,2
Saint James School,2
Abington Friends School,2
Grosse Pointe South Hs,2
Orange Glen High School,2
Passaic Valley High School,2
Lick Wilmerding High School,2
Indian Hills High School,2
Oklahoma School Of Sci & Math,2
Champlin Park High School,2
Forest Ridge Sch Sacred Heart,2
Commack High School,2
Strathcona Composite High Sch,2
Oak Ridge High School,2
Colegiul National Mircea cel B,2
Suffern High School,2
William Mason High School,2
Saint Josephs High School,2
Olympia High School,2
Hebrew Academy Five Towns/Rock,2
South Plantation High School,2
Forest High School,2
Hoover High School,2
James Ruse Agricultural H.S.,2
Scranton Preparatory School,2
Carbondale Community Hs,2
West Milford Township High Sch,2
La Jolla High School,2
Norman High School North,2
San Mateo High School,2
Forsyth Country Day School,2
Wheeler High School,2
Crofton House School,2
Altamont School,2
Columbia-Rock Bridge Senior Hs,2
Perry Hall High,2
Morgantown High School,2
Hankuk Acad of Foreign Studies,2
John Marshall High School,2
Warwick High School,2
American Heritage Sch Plantatn,2
Strath Haven High School,2
Rosary High School,2
Home Educated-Minnesota,2
Edmond Memorial High School,2
Summit High School,2
Douglas S Freeman High School,2
Shenendehowa High School,2
St Mark High School,2
Home Educated - Saudi Arabia,2
Minnehaha Academy,2
Liberal Arts and Science Acade,2
Kingswood-Oxford School,2
Oxford High School,2
Western Academy of Beijing,2
Hereford High,2
Oregon Episcopal School,2
Berkeley High School,2
Teaneck High School,2
Pius X High School,2
Absegami High School,2
Scholastica,2
White Plains High School,2
Sewickley Academy,2
Nutley High School,2
Berkeley Preparatory School,2
Saint Thomas Academy,2
Salina High School Central,2
Campbell High School,2
Oaks Christian High School,2
Havergal College,2
Bluffton High School,2
Miami Killian Sr High School,2
Pretoria Boys High School,2
Arroyo Grande High School,2
Catonsville High School,2
Bloomington High School North,2
Doane Stuart School,2
Greenwich High School Clark,2
La Martiniere For Boys,2
Leysin American School,2
Riverside Poly High School,2
Liberty High School,2
Saint Agnes Academy,2
Ball High School,2
Amherst Regional High School,2
North Broward Preparatory Sch,2
Serrano High School,2
Hopatcong High School,2
Hamilton High School East,2
Warren High School,2
George Mason High School,2
Sandra Day O'connor Hs,2
American School Of Madrid,2
Plano West Senior High School,2
Webb School Of Knoxville,2
Solomon Schechter Day School,2
University School,2
Bluefield High School,2
Oviedo High School,2
Solon High School,2
North Shore Country Day School,2
North Springs High School,2
Cypress Falls High School,2
Malvern Preparatory School,2
Ed W Clark High School,2
Saint Louis Priory School,2
Locust Valley Middle-Hs,2
Towson High School,2
Whitney M Young Magnet Hs,2
Parkview High School,2
Central Memorial High School,2
American School Of Paris,2
Sayreville War Memorial Hs,2
Wilson High School,2
Yeshivah Of Flatbush,2
San Diego Jewish Academy,2
Sofia High School of Mathemati,2
Newton North High School,2
Downey High School,2
Archbishop Molloy High School,2
North Gwinnett High School,2
Carrollton Sacred Heart School,2
Naperville North High School,2
Chagrin Falls High School,2
Seaholm High School,2
Parkway North High School,2
Valley High School,2
Lahore Grammar School for Boys,2
Shenzhen Middle School,2
Los Alamos High School,2
Sir Winston Churchill Hs,2
Greenhill School,2
Woodside Priory School,2
Point Loma High School,2
Virgil I Grissom High School,2
Middlesex County Acad Sci Math,2
Lake Highlands High School,2
Fair Lawn High School,2
Waterford High School,2
Franklin High School,2
Upper Arlington High School,2
San Marino High School,2
Tabor Academy,2
High School of Peking Univ.,2
North Allegheny Senior Hs,2
Niles Township West Hs,2
Ramapo High School,2
Han Young For Language Hs,2
Santa Margarita Catholic Hs,2
Malibu High School,2
Salpointe Catholic High School,2
South Anchorage High School,2
Scotch Plains-Fanwood Hs,2
Centerville High School,2
Lincoln-Sudbury Regional Hs,2
William Fremd High School,2
Columbia High School,2
Napa High School,2
Jewish Community Hs Of The Bay,2
Chantilly High School,2
Academia Maria Reina,2
Wyoming Valley West Hs,2
Dawson School,2
Hackensack High School,2
Freedom High School,2
International School Manila,2
Louisville Collegiate School,2
Whitefish Bay High School,2
Haverford High School,2
Sammamish High School,2
Sos-Hermann Gmeiner Intl Coll,2
Robert Louis Stevenson Hs,2
Grosse Pointe North Hs,2
Burnaby North Secondary School,2
Kingsway Regional High School,2
Taylor Allderdice High School,2
Earl L Vandermeulen Hs,2
Yeshiva High School,2
Walter Murray Collegiate,2
King George V School,2
Chaparral High School,2
Garrison Forest School,2
Fairfield College Preparatory,2
North Hollywood High School,2
Rye High School,2
Shorewood High School,2
Washington-Lee High School,2
Oratory Preparatory School,2
Woodbridge High School,2
First English Language School,2
Marlboro High School,2
Sierra Vista High School,2
Home Educated-New Jersey,2
Iolani School,2
Brunswick High School,2
Cary Academy,2
Geo Milev Mathematics School,2
Algonquin Regional High School,2
St. Joseph's Convent,2
Walworth Barbour AIS in Israel,2
Lower Moreland High School,2
Saint Augustine Preparatory Sc,2
Trabuco Hills High School,2
Manlius-Pebble Hill School,2
Dana Hall School,2
Southwest Dekalb High School,2
South High Community School,2
Amador Valley High School,2
Oconomowoc High School,2
La Canada High School,2
Barron Collier High School,2
University Of Toronto Schools,2
Mira Loma High School,2
Archbishop Mitty High School,2
Crescent School,2
Huron High School,3
Upper Darby High School,3
Pioneer High School,3
Christian Brothers Academy,3
Heights School,3
Regis Jesuit High School Boys,3
Montgomery Bell Academy,3
Texas Academy Math & Science,3
Saint Thomas Aquinas Hs,3
Ecole Active Bilingue J.M.,3
Marc Garneau Collegiate Inst,3
United Nations Internatl Sch,3
Pine View School,3
C Leon King High School,3
Arlington High School,3
California Acad Math & Science,3
Farmington Senior High School,3
Winsor School,3
H B Plant High School,3
John Burroughs High School,3
High Technology High School,3
Bishop Denis J Oconnell Hs,3
Laguardia High Sch Music Art,3
Central Bucks High School Sout,3
Deerfield High School,3
Wilmington Friends School,3
Anatolia College,3
Dr. Ronald E. Mcnair Acad. HS,3
Athens College Psychico Coll,3
Severn School,3
La Jolla Country Day School,3
Miss Porter's School,3
Seton Hall Preparatory School,3
Oakton High School,3
Saint Andrews Episcopal School,3
Manalapan High School,3
Ocean Lakes High School,3
Xavier College Preparatory Sch,3
Walnut Hill School,3
Naperville Central High School,3
Notre Dame High School,3
Hamden Hall Country Day School,3
Northampton High School,3
Mast Academy,3
Athens High School,3
Moravian Academy,3
Grand Blanc Community School,3
Valley Stream Central Hs,3
Home Educated - New York,3
Friends Academy,3
Wilton High School,3
Plano Senior High School,3
Miami Palmetto Senior Hs,3
Bergen Catholic High School,3
Newton Cntry Day Sch Sacred H,3
Holland Hall School,3
John Cooper School,3
West Lafayette Jr-Sr Hs,3
Marist School,3
South Burlington High School,3
Revere High School,3
J R Masterman Lab/Demo Sch,3
Calabasas High School,3
Pearl River High School,3
Eastside High School,3
Acad for Visual + Perf,3
Barrington Community HS,3
Convent Of The Sacred Heart,3
Singapore American School,3
York High School,3
Crescenta Valley High School,3
Jackson Memorial High School,3
Darlington School,3
The Buckley School,3
West Chester East High School,3
Lamp Magnet High School,3
New Bedford High School,3
Potomac School,3
Tower Hill School,3
Newtown High School,3
Boston University Academy,3
Saint Catherines School,3
Ewing High School,3
Aitchison College,3
Rye Country Day-Upper School,3
Cypress Bay High School,3
Coronado High School,3
Voorhees High School,3
Middlesex School,3
Lake Braddock Secondary School,3
Karachi Grammar School,3
Brookfield High School,3
Georgetown Day High School,3
Barstow School,3
James Madison High School,3
Winchester College,3
Fenwick High School,3
Andover High School,3
Galena High School,3
South Lakes High School,3
Ensworth High School,3
Pennsbury High School,3
International Sch Tanganyika,3
Carondelet High School,3
St Stephens & St Agnes School,3
Seoul International School,3
Northfield Mount Hermon School,3
Niskayuna High School,3
Tenafly High School,3
Franklin Regional Senior Hs,3
Wycombe Abbey School,3
Tatnall School Inc,3
Pennington School,3
Acton-Boxborough Regional Hs,3
South Carolina Gov Sc Art Hum,3
Upper Saint Clair High School,3
Saint Margarets Episcopal Sch,3
Fayetteville-Manlius High Sch,3
Prestonwood Christian Academy,3
Brooklyn Technical High School,3
Avon High School,3
Mayo High School,3
Desert Vista High School,3
Portledge School,3
Lawrence High School,3
Adlai E Stevenson High School,3
W T Woodson High School,3
Heritage High School,3
Washington International Sch,3
American College Of Sofia,3
Loyola High School,3
Charles E Smith Jewish Day Sch,3
Cherry Hill High School West,3
Martin Luther King Hlth Magnet,3
Whitehall High School,3
South Side High School,3
Chattahoochee High School,3
Palos Verdes Peninsula Hs,3
Dover-Sherborn Regional Hs,3
Home Educated-Washington,3
Auburn High School,3
Kent School,3
Hill School,3
Portsmouth Abbey School,3
Ashland High School,3
Central Catholic High School,3
Montclair Kimberley Academy,3
Loyola Academy,3
Shattuck-Saint Marys School,3
Pace Academy,3
Charter School Of Wilmington,3
Belen Jesuit Preparatory Sch,3
Briarcliff High School,3
Home Educated - Illinois,3
Piedmont High School,3
Wayne Valley Senior Hs,3
Saint Anthonys High School,3
Professional Childrens School,3
Great Neck South High School,3
Lovett School,3
Casa Grande High School,4
Charlottesville High School,4
Upper Canada College,4
North High School,4
SAR High School,4
Mccallie School,4
French International School,4
Park School Of Baltimore,4
Saratoga High School,4
Trinity Preparatory School,4
Ithaca High School,4
Rutgers Preparatory School,4
Homestead High School,4
Fieldston School,4
Brookfield Academy,4
Woodrow Wilson Senior Hs,4
North Penn High School,4
Mount Lebanon High School,4
Brookline High School,4
John Jay High School,4
Orange High School,4
Kamehameha High School,4
Cambridge Rindge And Latin Sch,4
Paxon Sch For Advanced Studies,4
Ranney School,4
Eton College,4
Westridge School For Girls,4
Westminster School,4
Coral Reef Senior High School,4
Holy Names Academy,4
La Costa Canyon High School,4
Tudor Vianu National I.T. H.S.,4
Severna Park Senior Hs,4
Blair Academy,4
Mountain Lakes High School,4
Alameda High School,4
Saint Xavier High School,4
Mamaroneck High School,4
Lenape High School,4
Saint Paul Academy/Summit Sch,4
Boston Latin School,4
Eden Prairie High School,4
Laurel School,4
Saint Sebastians School,4
Mahindra United World College,4
Greenwich High School Sheldon,4
Hillsborough High School,4
Dos Pueblos High School,4
American School In Japan,4
Chadwick School,4
Polytech Prep Country Day Sch,4
Fred C Beyer High School,4
Pitman High School,4
Saint Ignatius College Prep,4
University School Nova Se,4
Newark Academy,4
Harpeth Hall School,4
Arcadia High School,4
Blake School-Northrup Campus,4
Roslyn High School,4
Sharon High School,4
Union County Magnet Hs,4
Episcopal Hs Of Jacksonville,4
Walter Payton Coll Prep School,4
Edgemont High School,4
Ladue Horton Watkins Hs,4
Saint Christophers School,4
St. Francis High School,4
Hunterdon Central Regional Hs,4
Shaker Heights High School,4
University School Nashville,4
Germantown Academy,4
Dupont Manual Magnet Hs,4
Half Hollow Hills Hs West,4
Miramonte High School,4
Albany High School,4
Gill Saint Bernards School,4
Commonwealth School,4
Chapin School,4
Concord-Carlisle Regional Hs,4
Montclair High School,4
Hun School Of Princeton,4
Wayne Hills High School,4
John F Kennedy High School,4
Dhirubhai Ambani Internationa,4
North Hunterdon High School,4
Bryn Mawr School,4
Newport Harbor High School,4
Whippany Park High School,4
Wissahickon High School,4
Aff'd HS of Fudan University,4
City Honors School,4
Needham High School,4
West Morris Mendham Hs,4
Central Bucks High School East,4
Piscataway High School,4
Moorestown High School,4
Bellaire Senior High School,4
Westwood High School,4
Mission San Jose High School,4
Belmont Hill School,4
Saint Joseph High School,4
Carmel High School,4
Our Lady Of Good Counsel Hs,4
Leland High School,4
Crystal Springs Uplands Sch,5
Randolph High School,5
Manhasset High School,5
Newton South High School,5
Stuart Country Day Sc Sac Hrt,5
Dwight Englewood School,5
Menlo Atherton High School,5
Germantown Friends School,5
Lexington High School,5
Ridgefield High School,5
Ridgewood High School,5
Detroit Country Day School,5
Thomas Sprigg Wootton Hs,5
Farragut High School,5
Friends Central School,5
Hanover High School,5
Marlborough School,5
Mira Costa High School,5
Lowell High School,5
Bronxville High School,5
Saint Stephens Episcopal Sch,5
Illinois Math & Science Acad,5
Punahou School,5
John Burroughs School,5
Ward Melville High School,5
Chatham High School,5
Greenwich High School Folsom,5
Staples High School,5
Thacher School,5
Mcdonogh School,5
Chinese International School,5
Clayton High School,5
Myers Park High School,5
Taft School,5
Saint Marys Hall,5
Foothill High School,5
Colegiul Nat'l - Tudor Vianu,5
Lester B Pearson UWC Pacific,5
Mount Saint Joseph Academy,5
Hathaway Brown School,5
International School of Beijin,5
Villa Walsh Academy,5
Mahwah High School,5
Wellesley High School,5
Oak Park & River Forest Hs,5
Hinsdale Township Hs Central,5
Campolindo High School,5
Shady Side Academy,5
John P Stevens High School,5
Francis W Parker School,5
Greens Farms Academy,5
Hopewell Valley Central Hs,5
Cistercian Preparatory School,5
Greenwich High School,5
William Penn Charter School,5
Norfolk Academy,5
South Eugene High School,5
Santa Monica High School,5
Agnes Irwin School,5
Koc Ozel Lisesi,5
Baton Rouge Magnet High School,5
Shipley School The,5
Durham Academy Upper School,5
West Orange High School,5
Henry M Gunn Senior Hs,6
Jesuit High School,6
Roxbury Latin School,6
Georgetown Preparatory School,6
Sacred Heart Preparatory Sch,6
Saint Andrews School,6
MICDS,6
Mountain View High School,6
Watchung Hills Regional Hs,6
Baldwin School,6
White Station High School,6
Episcopal High School,6
Governors School,6
United World College Adriatic,6
Gilman School,6
Bethesda Chevy Chase Hs,6
Yorktown High School,6
Torrey Pines High School,6
New Providence High School,6
Winston Churchill High School,6
Cherry Hill High School East,6
San Francisco University Hs,6
Hackley School,6
Saint Georges School,6
Cold Spring Harbor High School,6
Central High School,6
Governor Livingston Hs,6
Northview High School,6
Maret School,6
Hockaday School,6
Bolles School,6
Paul D Schreiber Senior High,6
Brighton High School,6
Western Canada High School,6
Haddonfield Memorial Hs,6
Gann Academy - The New Jewish,6
,7
Newport High School,7
Eleanor Roosevelt High School,7
Pembroke Hill School,7
Frisch School,7
Livingston High School,7
Hong Kong International School,7
Peddie School,7
Syosset High School,7
Flintridge Preparatory School,7
Brearley School,7
Gonzaga College High School,7
Korean Minjok Leadership Acad,7
Redwood High School,7
Bridgewater-Raritan Rgnl Hs,7
Ramaz Upper School,7
Georgetown Visitation Prep Sch,7
Scarsdale High School,7
Ransom Everglades School,7
Stone Ridge Sch Sacred Heart,7
Buckingham Browne & Nichols Sc,7
South Brunswick High School,7
Eastern Senior High School,7
Ridge High School,7
College Preparatory School,7
Upper Dublin High School,7
United World College Se Asia,7
Lincoln High School,7
National Cathedral School,7
Riverdale Country School,7
Red Cross Nordic UWC,8
Groton School,8
Walt Whitman High School,8
Westfield High School,8
Oak Knoll School Of Holy Child,8
Bishop Eustace Prep School,8
Lower Merion High School,8
Hwa Chong Junior College,8
Centennial High School,8
Episcopal Academy,8
University Laboratory Hs,8
Daewon Foreign Language HS,8
North Carolina School Sci/Math,8
Morristown High School,8
Horace Greeley High School,8
Troy High School,8
Pine Crest School,8
Castilleja School,8
Weston High School,8
Culver Academies,8
St Mark's School Of Texas,8
Saint Josephs Preparatory Sch,9
Lynbrook High School,9
Branson School,9
Parkland High School,9
Montgomery Blair High School,9
Chaminade High School,9
Holton Arms School,9
Latin School Of Chicago,9
Regis High School,9
St. Paul's School,9
Landon School,9
Spence School,9
Saint Albans School,10
Robert College,10
Loomis Chaffee School,10
Westlake High School,10
Harker School,10
Greenwich Academy,10
East Brunswick High School,10
American School In London,10
Davis Senior High School,10
Saint Anns School,10
Bronx High School Of Science,10
Conestoga High School,10
Kent Place School,11
Haverford School,11
Bellarmine College Preparatory,11
Horace Mann School,11
Lakeside School,11
Hopkins School,11
Delhi Public School R.K. Puram,11
Brunswick School,11
Highland Park High School,11
New Canaan High School,12
New Trier Township High School,12
Hunter College High School,12
Montgomery High School,12
Richard Montgomery High School,12
West High School,12
Trinity School,12
Univ Of Chicago Laboratory Hs,12
Noble And Greenough School,13
Holmdel High School,13
Corona Del Mar High School,13
Palo Alto Senior High School,13
Li Po Chun United World Coll,13
Princeton Day School,13
Millburn High School,13
Milton Academy,14
Saint John's School,14
Westminster Schools,14
Bishops School,14
Delbarton School,14
Armand Hammer United World Clg,14
Saint Pauls School,14
Sidwell Friends School,15
Deerfield Academy,15
Dalton School,15
UWC of the Atlantic,15
Polytechnic School,16
West Windsor-Plainsboro Hs N,16
Choate Rosemary Hall,16
University High School,18
West Windsor-Plainsboro Hs S,18
Raffles Junior College,18
Pingry School,19
Stuyvesant High School,19
Acad for Advance Sci Tech,20
Harvard Westlake School,21
Hotchkiss School,23
Domestic Cases,23
Menlo School,25
Collegiate School,25
Phillips Academy,34
Phillips Exeter Academy,42
Thomas Jefferson HS Sci/Tec,51
Lawrenceville School,51
Princeton High School,71
